{"cameraMode":{"drawMode":0,"name":"Shaded","section":"Shading Mode"},"sceneLighting":true,"audioPlay":false,"sceneViewState":{"showFog":true,"showMaterialUpdate":false,"showSkybox":true,"showFlares":true,"showImageEffects":true,"showParticleSystems":true},"in2DMode":false,"pivot":{"x":528.5452880859375,"y":46.088741302490237,"z":742.65576171875},"rotation":{"x":0.10759611427783966,"y":-0.06715600192546845,"z":0.006970657035708427,"w":0.9921569228172302},"size":4.591371059417725,"orthographic":false}