{"cameraMode":{"drawMode":0,"name":"Shaded","section":"Shading Mode"},"sceneLighting":true,"audioPlay":false,"sceneViewState":{"showFog":true,"showMaterialUpdate":false,"showSkybox":false,"showFlares":true,"showImageEffects":true,"showParticleSystems":true},"in2DMode":false,"pivot":{"x":-105.01730346679688,"y":0.6265621185302734,"z":-33.20402908325195},"rotation":{"x":0.21766048669815064,"y":0.14783135056495667,"z":-0.03342532739043236,"w":0.9643236994743347},"size":44.45848083496094,"orthographic":false}