{"cameraMode":{"drawMode":0,"name":"Shaded","section":"Shading Mode"},"sceneLighting":false,"audioPlay":false,"sceneViewState":{"showFog":true,"showMaterialUpdate":false,"showSkybox":false,"showFlares":true,"showImageEffects":true,"showParticleSystems":true},"in2DMode":false,"pivot":{"x":7.886670112609863,"y":13.496173858642579,"z":-0.08524966239929199},"rotation":{"x":0.032790496945381168,"y":-0.8737557530403137,"z":0.059302087873220447,"w":0.4818548262119293},"size":0.8660253882408142,"orthographic":false}