{"cameraMode":{"drawMode":0,"name":"Shaded","section":"Shading Mode"},"sceneLighting":true,"audioPlay":false,"sceneViewState":{"showFog":true,"showMaterialUpdate":false,"showSkybox":false,"showFlares":true,"showImageEffects":true,"showParticleSystems":true},"in2DMode":false,"pivot":{"x":-112.70940399169922,"y":0.6214866638183594,"z":-33.341156005859378},"rotation":{"x":-0.33182811737060549,"y":-0.1377607136964798,"z":0.04899650439620018,"w":-0.9321079254150391},"size":44.45847702026367,"orthographic":false}