{"cameraMode":{"drawMode":0,"name":"Shaded","section":"Shading Mode"},"sceneLighting":true,"audioPlay":false,"sceneViewState":{"showFog":true,"showMaterialUpdate":false,"showSkybox":true,"showFlares":true,"showImageEffects":true,"showParticleSystems":true},"in2DMode":false,"pivot":{"x":450.59857177734377,"y":2.3042643070220949,"z":130.55885314941407},"rotation":{"x":0.046760160475969318,"y":0.03744538873434067,"z":-0.0017516744555905462,"w":0.9982094168663025},"size":73.68820190429688,"orthographic":false}