{"cameraMode":{"drawMode":0,"name":"Shaded","section":"Shading Mode"},"sceneLighting":false,"audioPlay":false,"sceneViewState":{"showFog":true,"showMaterialUpdate":false,"showSkybox":false,"showFlares":true,"showImageEffects":true,"showParticleSystems":true},"in2DMode":false,"pivot":{"x":-47.62230682373047,"y":6.653822898864746,"z":-1.6085187196731568},"rotation":{"x":-0.23489227890968324,"y":0.21568095684051515,"z":-0.05353815108537674,"w":-0.9462792277336121},"size":2.3201682567596437,"orthographic":false}