{"cameraMode":{"drawMode":0,"name":"Shaded","section":"Shading Mode"},"sceneLighting":true,"audioPlay":false,"sceneViewState":{"showFog":true,"showMaterialUpdate":false,"showSkybox":false,"showFlares":true,"showImageEffects":true,"showParticleSystems":true},"in2DMode":false,"pivot":{"x":36.86625671386719,"y":-17.860565185546876,"z":46.24372482299805},"rotation":{"x":0.2072633057832718,"y":0.019933149218559266,"z":-0.004169492516666651,"w":0.9781236052513123},"size":42.74927520751953,"orthographic":false}