{"cameraMode":{"drawMode":0,"name":"Shaded","section":"Shading Mode"},"sceneLighting":true,"audioPlay":false,"sceneViewState":{"showFog":true,"showMaterialUpdate":false,"showSkybox":true,"showFlares":true,"showImageEffects":true,"showParticleSystems":true},"in2DMode":false,"pivot":{"x":-5.67444372177124,"y":4.387912273406982,"z":-38.428733825683597},"rotation":{"x":-0.009223820641636849,"y":-0.1408046931028366,"z":0.0012608574470505119,"w":-0.9900392293930054},"size":10.174880981445313,"orthographic":false}