{"cameraMode":{"drawMode":0,"name":"Shaded","section":"Shading Mode"},"sceneLighting":false,"audioPlay":false,"sceneViewState":{"showFog":true,"showMaterialUpdate":false,"showSkybox":false,"showFlares":true,"showImageEffects":true,"showParticleSystems":true},"in2DMode":false,"pivot":{"x":-15.627650260925293,"y":-525.2784423828125,"z":-1565.24267578125},"rotation":{"x":0.006757206283509731,"y":-0.9833834767341614,"z":0.17773643136024476,"w":0.0371730700135231},"size":968.281982421875,"orthographic":false}