{"cameraMode":{"drawMode":0,"name":"Shaded","section":"Shading Mode"},"sceneLighting":true,"audioPlay":false,"sceneViewState":{"showFog":true,"showMaterialUpdate":false,"showSkybox":true,"showFlares":true,"showImageEffects":true,"showParticleSystems":true},"in2DMode":false,"pivot":{"x":-292.5509338378906,"y":159.97982788085938,"z":-436.45391845703127},"rotation":{"x":-0.029044069349765779,"y":-0.29818958044052126,"z":0.006731120403856039,"w":-0.9545461535453796},"size":4.333205223083496,"orthographic":false}