{"cameraMode":{"drawMode":0,"name":"Shaded","section":"Shading Mode"},"sceneLighting":true,"audioPlay":false,"sceneViewState":{"showFog":true,"showMaterialUpdate":false,"showSkybox":true,"showFlares":true,"showImageEffects":true,"showParticleSystems":true},"in2DMode":false,"pivot":{"x":186.63941955566407,"y":57.43105697631836,"z":-435.2601318359375},"rotation":{"x":0.051850706338882449,"y":-0.18766997754573823,"z":0.009959129616618157,"w":0.9810259938240051},"size":2.833205223083496,"orthographic":false}