{"cameraMode":{"drawMode":0,"name":"Shaded","section":"Shading Mode"},"sceneLighting":false,"audioPlay":false,"sceneViewState":{"showFog":true,"showMaterialUpdate":false,"showSkybox":false,"showFlares":true,"showImageEffects":true,"showParticleSystems":true},"in2DMode":false,"pivot":{"x":-0.9857128858566284,"y":14.425332069396973,"z":-6.281316757202148},"rotation":{"x":-0.32941773533821108,"y":-0.07971116155385971,"z":0.02811458148062229,"w":-0.9405544400215149},"size":11.072729110717774,"orthographic":false}