{"cameraMode":{"drawMode":0,"name":"Shaded","section":"Shading Mode"},"sceneLighting":false,"audioPlay":false,"sceneViewState":{"showFog":true,"showMaterialUpdate":false,"showSkybox":false,"showFlares":true,"showImageEffects":true,"showParticleSystems":true},"in2DMode":false,"pivot":{"x":-33.87900161743164,"y":28.927051544189454,"z":0.0},"rotation":{"x":0.014975843019783497,"y":-0.10393363237380982,"z":0.004086748231202364,"w":0.9949103593826294},"size":16.995641708374025,"orthographic":false}