{"cameraMode":{"drawMode":0,"name":"Shaded","section":"Shading Mode"},"sceneLighting":true,"audioPlay":false,"sceneViewState":{"showFog":true,"showMaterialUpdate":false,"showSkybox":false,"showFlares":true,"showImageEffects":true,"showParticleSystems":true},"in2DMode":false,"pivot":{"x":-117.27440643310547,"y":1.4265613555908204,"z":-33.18877029418945},"rotation":{"x":0.029350968077778817,"y":-0.24923883378505708,"z":0.007550555281341076,"w":0.9679907560348511},"size":44.45847702026367,"orthographic":false}