{"cameraMode":{"drawMode":0,"name":"Shaded","section":"Shading Mode"},"sceneLighting":true,"audioPlay":false,"sceneViewState":{"showFog":true,"showMaterialUpdate":false,"showSkybox":true,"showFlares":true,"showImageEffects":true,"showParticleSystems":true},"in2DMode":false,"pivot":{"x":-558.89892578125,"y":-302.37286376953127,"z":294.31451416015627},"rotation":{"x":-0.2646717429161072,"y":0.45967668294906618,"z":-0.14956244826316834,"w":-0.8350356817245483},"size":560.8676147460938,"orthographic":false}