{"cameraMode":{"drawMode":0,"name":"Shaded","section":"Shading Mode"},"sceneLighting":false,"audioPlay":false,"sceneViewState":{"showFog":true,"showMaterialUpdate":false,"showSkybox":false,"showFlares":true,"showImageEffects":true,"showParticleSystems":true},"in2DMode":false,"pivot":{"x":46.52754211425781,"y":-27.225765228271486,"z":10.298301696777344},"rotation":{"x":0.16747282445430757,"y":-0.02963601052761078,"z":0.006729535758495331,"w":0.9858959317207336},"size":54.31390380859375,"orthographic":false}