{"cameraMode":{"drawMode":0,"name":"Shaded","section":"Shading Mode"},"sceneLighting":true,"audioPlay":false,"sceneViewState":{"showFog":true,"showMaterialUpdate":false,"showSkybox":true,"showFlares":true,"showImageEffects":true,"showParticleSystems":true},"in2DMode":false,"pivot":{"x":-2.5858774185180666,"y":12.009333610534668,"z":0.0},"rotation":{"x":-0.12598299980163575,"y":-0.09417936950922013,"z":0.012289912439882756,"w":-0.9876269102096558},"size":21.621076583862306,"orthographic":false}