{"cameraMode":{"drawMode":0,"name":"Shaded","section":"Shading Mode"},"sceneLighting":true,"audioPlay":false,"sceneViewState":{"showFog":true,"showMaterialUpdate":false,"showSkybox":true,"showFlares":true,"showImageEffects":true,"showParticleSystems":true},"in2DMode":false,"pivot":{"x":-769.692138671875,"y":32.5125846862793,"z":-14.273089408874512},"rotation":{"x":0.0033934328239411117,"y":0.694141685962677,"z":-0.0009559926111251116,"w":-0.7205183506011963},"size":587.2959594726563,"orthographic":false}