{"cameraMode":{"drawMode":0,"name":"Shaded","section":"Shading Mode"},"sceneLighting":true,"audioPlay":false,"sceneViewState":{"showFog":true,"showMaterialUpdate":false,"showSkybox":false,"showFlares":true,"showImageEffects":true,"showParticleSystems":true},"in2DMode":false,"pivot":{"x":-105.01730346679688,"y":0.6265621185302734,"z":-33.20402908325195},"rotation":{"x":0.029350968077778817,"y":-0.24923883378505708,"z":0.007550555281341076,"w":0.9679907560348511},"size":44.45848083496094,"orthographic":false}