{"cameraMode":{"drawMode":0,"name":"Shaded","section":"Shading Mode"},"sceneLighting":true,"audioPlay":false,"sceneViewState":{"showFog":true,"showMaterialUpdate":false,"showSkybox":true,"showFlares":true,"showImageEffects":true,"showParticleSystems":true},"in2DMode":false,"pivot":{"x":806.5496826171875,"y":376.8177490234375,"z":789.0419921875},"rotation":{"x":0.039297159761190417,"y":0.01048806868493557,"z":-0.0004058933409396559,"w":0.9991815090179443},"size":849.5623779296875,"orthographic":false}