{"cameraMode":{"drawMode":0,"name":"Shaded","section":"Shading Mode"},"sceneLighting":false,"audioPlay":false,"sceneViewState":{"showFog":true,"showMaterialUpdate":false,"showSkybox":false,"showFlares":true,"showImageEffects":true,"showParticleSystems":true},"in2DMode":false,"pivot":{"x":-49.54999923706055,"y":6.383559226989746,"z":0.0},"rotation":{"x":-0.1063477173447609,"y":0.24004976451396943,"z":-0.026461727917194368,"w":-0.9645671248435974},"size":2.3201682567596437,"orthographic":false}