{"cameraMode":{"drawMode":0,"name":"Shaded","section":"Shading Mode"},"sceneLighting":true,"audioPlay":false,"sceneViewState":{"showFog":true,"showMaterialUpdate":false,"showSkybox":true,"showFlares":true,"showImageEffects":true,"showParticleSystems":true},"in2DMode":false,"pivot":{"x":-45.12602233886719,"y":26.25250244140625,"z":-31.127361297607423},"rotation":{"x":0.21721002459526063,"y":0.16860894858837129,"z":-0.03791837766766548,"w":0.9607663750648499},"size":32.820091247558597,"orthographic":false}